[
  {
    "trip_ref_number": "60,214@HYD_NCH@FC-Hyderabad",
    "vehicle_number": "TL23DD2322",
    "assignment_date": "2025-12-04T12:58:02.710569",
    "from_location": "FC-Hyderabad",
    "to_location": "HYD_NCH",
    "dc_count": 0
  },
  {
    "trip_ref_number": "60,210@HYD_NCH@FC-Hyderabad",
    "vehicle_number": "TL23DD2322",
    "assignment_date": "2025-12-04T12:58:02.710571",
    "from_location": "FC-Hyderabad",
    "to_location": "HYD_NCH",
    "dc_count": 0
  },
  {
    "trip_ref_number": "60,218@HYD_NCH@FC-Hyderabad",
    "vehicle_number": "TL23DD2322",
    "assignment_date": "2025-12-04T12:58:02.710572",
    "from_location": "FC-Hyderabad",
    "to_location": "HYD_NCH",
    "dc_count": 0
  },
  {
    "trip_ref_number": "60,217@HYD_NCH@FC-Hyderabad",
    "vehicle_number": "TL23DD2322",
    "assignment_date": "2025-12-04T12:58:02.710574",
    "from_location": "FC-Hyderabad",
    "to_location": "HYD_NCH",
    "dc_count": 0
  },
  {
    "trip_ref_number": "60,216@HYD_NCH@FC-Hyderabad",
    "vehicle_number": "TL23DD2322",
    "assignment_date": "2025-12-04T12:58:02.710575",
    "from_location": "FC-Hyderabad",
    "to_location": "HYD_NCH",
    "dc_count": 0
  },
  {
    "trip_ref_number": "60,222@HYD_NCH@FC-Hyderabad",
    "vehicle_number": "TL23DD2322",
    "assignment_date": "2025-12-04T12:58:02.710576",
    "from_location": "FC-Hyderabad",
    "to_location": "HYD_NCH",
    "dc_count": 0
  },
  {
    "trip_ref_number": "60,207@HYD_NCH@FC-Hyderabad",
    "vehicle_number": "TL23DD2322",
    "assignment_date": "2025-12-04T12:58:02.710577",
    "from_location": "FC-Hyderabad",
    "to_location": "HYD_NCH",
    "dc_count": 0
  },
  {
    "trip_ref_number": "60,203@HYD_NCH@FC-Hyderabad",
    "vehicle_number": "TL23DD2322",
    "assignment_date": "2025-12-04T12:58:02.710578",
    "from_location": "FC-Hyderabad",
    "to_location": "HYD_NCH",
    "dc_count": 0
  }
]