[
  {
    "trip_ref_number": "60,204@HYD_NCH@FC-Hyderabad",
    "vehicle_number": "TL23FF3333",
    "assignment_date": "2025-12-03T18:36:40.541900",
    "from_location": "FC-Hyderabad",
    "to_location": "HYD_NCH",
    "dc_count": 0
  },
  {
    "trip_ref_number": "60,210@HYD_NCH@FC-Hyderabad",
    "vehicle_number": "TL23FF3333",
    "assignment_date": "2025-12-03T18:36:40.541902",
    "from_location": "FC-Hyderabad",
    "to_location": "HYD_NCH",
    "dc_count": 0
  },
  {
    "trip_ref_number": "60,208@HYD_NCH@FC-Hyderabad",
    "vehicle_number": "TL23FF3333",
    "assignment_date": "2025-12-03T18:36:40.541904",
    "from_location": "FC-Hyderabad",
    "to_location": "HYD_NCH",
    "dc_count": 0
  },
  {
    "trip_ref_number": "60,217@HYD_NCH@FC-Hyderabad",
    "vehicle_number": "TL23FF3333",
    "assignment_date": "2025-12-03T18:36:40.541905",
    "from_location": "FC-Hyderabad",
    "to_location": "HYD_NCH",
    "dc_count": 0
  },
  {
    "trip_ref_number": "60,212@HYD_NCH@FC-Hyderabad",
    "vehicle_number": "TL23FF3333",
    "assignment_date": "2025-12-03T18:36:40.541906",
    "from_location": "FC-Hyderabad",
    "to_location": "HYD_NCH",
    "dc_count": 0
  },
  {
    "trip_ref_number": "60,216@HYD_NCH@FC-Hyderabad",
    "vehicle_number": "TL23FF3333",
    "assignment_date": "2025-12-03T18:36:40.541907",
    "from_location": "FC-Hyderabad",
    "to_location": "HYD_NCH",
    "dc_count": 0
  },
  {
    "trip_ref_number": "60,202@HYD_NCH@FC-Hyderabad",
    "vehicle_number": "TL23FF3333",
    "assignment_date": "2025-12-03T18:36:40.541908",
    "from_location": "FC-Hyderabad",
    "to_location": "HYD_NCH",
    "dc_count": 0
  },
  {
    "trip_ref_number": "60,203@HYD_NCH@FC-Hyderabad",
    "vehicle_number": "TL23FF3333",
    "assignment_date": "2025-12-03T18:36:40.541909",
    "from_location": "FC-Hyderabad",
    "to_location": "HYD_NCH",
    "dc_count": 0
  }
]